[
  {
    "model": "api.Faculty",
    "pk": "Engineering",
    "fields": {}
  },
  {
    "model": "api.Faculty",
    "pk": "Science",
    "fields": {}
  },
  {
    "model": "api.Faculty",
    "pk": "Arts",
    "fields": {}
  },
  {
    "model": "api.Faculty",
    "pk": "Business",
    "fields": {}
  },
  {
    "model": "api.Faculty",
    "pk": "Education",
    "fields": {}
  },
  {
    "model": "api.Faculty",
    "pk": "Mathematics and Statistics",
    "fields": {}
  },

  {
    "model": "api.Department",
    "pk": "Computer Science",
    "fields": {
      "faculty": "Engineering"
    }
  },
  {
    "model": "api.Department",
    "pk": "Physics",
    "fields": {
      "faculty": "Science"
    }
  },
  {
    "model": "api.Department",
    "pk": "English Literature",
    "fields": {
      "faculty": "Arts"
    }
  },
  {
    "model": "api.Department",
    "pk": "Marketing",
    "fields": {
      "faculty": "Business"
    }
  },
  {
    "model": "api.Department",
    "pk": "Educational Psychology",
    "fields": {
      "faculty": "Education"
    }
  },
  {
    "model": "api.Department",
    "pk": "MATH",
    "fields": {
      "faculty": "Mathematics and Statistics"
    }
  },
  {
    "model": "api.Department",
    "pk": "Chemical and Petroleum Engineering",
    "fields": {
      "faculty": "Science"
    }
  },

  {
    "model": "api.Program",
    "pk": "ProgA",
    "fields": {
      "program_year": "2020-01-01",
      "program_load": 20,
      "program_stream": "Stream1",
      "program_major": "Major1",
      "program_minor": "Minor1",
      "program_honor": true,
      "faculty": "Engineering",
      "department": "Computer Science"
    }
  },
  {
    "model": "api.Program",
    "pk": "ProgB",
    "fields": {
      "program_year": "2021-01-01",
      "program_load": 22,
      "program_stream": "Stream2",
      "program_major": "Major2",
      "program_minor": "Minor2",
      "program_honor": false,
      "faculty": "Science",
      "department": "Physics"
    }
  },
  {
    "model": "api.Program",
    "pk": "ProgC",
    "fields": {
      "program_year": "2022-01-01",
      "program_load": 18,
      "program_stream": "Stream3",
      "program_major": "Major3",
      "program_minor": "Minor3",
      "program_honor": true,
      "faculty": "Arts",
      "department": "English Literature"
    }
  },
  {
    "model": "api.Program",
    "pk": "ProgD",
    "fields": {
      "program_year": "2019-01-01",
      "program_load": 24,
      "program_stream": "Stream4",
      "program_major": "Major4",
      "program_minor": "Minor4",
      "program_honor": false,
      "faculty": "Business",
      "department": "Marketing"
    }
  },
  {
    "model": "api.Program",
    "pk": "ProgE",
    "fields": {
      "program_year": "2023-01-01",
      "program_load": 25,
      "program_stream": "Stream5",
      "program_major": "Major5",
      "program_minor": "Minor5",
      "program_honor": true,
      "faculty": "Education",
      "department": "Educational Psychology"
    }
  },

  {
    "model": "api.Student",
    "pk": "001",
    "fields": {
      "student_id": "S001",
      "student_first_name": "John",
      "student_last_name": "Doe",
      "email": "johndoe@example.com",
      "year": "2020-01-01",
      "gpa": 3.5,
      "faculty": "Engineering",
      "department": "Computer Science",
      "program": "ProgA"
    }
  },
  {
    "model": "api.Student",
    "pk": "002",
    "fields": {
      "student_id": "S002",
      "student_first_name": "Jane",
      "student_last_name": "Doe",
      "email": "janedoe@example.com",
      "year": "2021-01-01",
      "gpa": 3.7,
      "faculty": "Science",
      "department": "Physics",
      "program": "ProgB"
    }
  },
  {
    "model": "api.Student",
    "pk": "003",
    "fields": {
      "student_id": "S003",
      "student_first_name": "Alice",
      "student_last_name": "Smith",
      "email": "alicesmith@example.com",
      "year": "2022-01-01",
      "gpa": 3.9,
      "faculty": "Arts",
      "department": "English Literature",
      "program": "ProgC"
    }
  },
  {
    "model": "api.Student",
    "pk": "004",
    "fields": {
      "student_id": "S004",
      "student_first_name": "Bob",
      "student_last_name": "Brown",
      "email": "bobbrown@example.com",
      "year": "2019-01-01",
      "gpa": 3.2,
      "faculty": "Business",
      "department": "Marketing",
      "program": "ProgD"
    }
  },
  {
    "model": "api.Student",
    "pk": "005",
    "fields": {
      "student_id": "S005",
      "student_first_name": "Charlie",
      "student_last_name": "Green",
      "email": "charliegreen@example.com",
      "year": "2023-01-01",
      "gpa": 4.0,
      "faculty": "Education",
      "department": "Educational Psychology",
      "program": "ProgE"
    }
  },


  {
    "model": "api.Course",
    "pk": "MATH",
    "fields": {
      "course_title": "Calculus I",
      "course_number": 101,
      "course_description": "Introduction to differential calculus.",
      "course_prerequisites": "None",
      "course_antirequisites": "None",
      "course_units": 3,
      "course_notes": "Required for Engineering students.",
      "course_repeatability": false,
      "course_type": "Core",
      "faculty": "Mathematics and Statistics",
      "department": "MATH"
    }
  },
  {
    "model": "api.Course",
    "pk": "PHYS",
    "fields": {
      "course_title": "Physics I",
      "course_number": 101,
      "course_description": "Fundamentals of physics.",
      "course_prerequisites": "MATH 101",
      "course_antirequisites": "None",
      "course_units": 4,
      "course_notes": "Lab required.",
      "course_repeatability": false,
      "course_type": "Core",
      "faculty": "Science",
      "department": "Physics"
    }
  },
  {
    "model": "api.Course",
    "pk": "CHEM",
    "fields": {
      "course_title": "Chemistry I",
      "course_number": 101,
      "course_description": "Introduction to chemistry.",
      "course_prerequisites": "None",
      "course_antirequisites": "None",
      "course_units": 3,
      "course_notes": "Lab required.",
      "course_repeatability": false,
      "course_type": "Core",
      "faculty": "Science",
      "department": "Chemical and Petroleum Engineering"
    }
  },
  {
    "model": "api.Course",
    "pk": "ENGL",
    "fields": {
      "course_title": "English Literature I",
      "course_number": 101,
      "course_description": "Study of English literature.",
      "course_prerequisites": "None",
      "course_antirequisites": "None",
      "course_units": 3,
      "course_notes": "Elective for all departments.",
      "course_repeatability": false,
      "course_type": "Elective",
      "faculty": "Arts",
      "department": "English Literature"
    }
  },
  {
    "model": "api.Course",
    "pk": "COMP",
    "fields": {
      "course_title": "Computer Science I",
      "course_number": 101,
      "course_description": "Introduction to computer programming.",
      "course_prerequisites": "None",
      "course_antirequisites": "None",
      "course_units": 3,
      "course_notes": "Required for Computer Science students.",
      "course_repeatability": false,
      "course_type": "Core",
      "faculty": "Science",
      "department": "Computer Science"
    }
  },


  {
    "model": "api.Instructor",
    "pk": "001",
    "fields": {
      "instructor_first_name": "John",
      "instructor_last_name": "Doe",
      "department": "Computer Science"
    }
  },
  {
    "model": "api.Instructor",
    "pk": "002",
    "fields": {
      "instructor_first_name": "Jane",
      "instructor_last_name": "Smith",
      "department": "Physics"
    }
  },
  {
    "model": "api.Instructor",
    "pk": "003",
    "fields": {
      "instructor_first_name": "Alice",
      "instructor_last_name": "Johnson",
      "department": "English Literature"
    }
  },
  {
    "model": "api.Instructor",
    "pk": "004",
    "fields": {
      "instructor_first_name": "Bob",
      "instructor_last_name": "Brown",
      "department": "Marketing"
    }
  },
  {
    "model": "api.Instructor",
    "pk": "005",
    "fields": {
      "instructor_first_name": "Charlie",
      "instructor_last_name": "Green",
      "department": "Educational Psychology"
    }
  },


  {
    "model": "api.Lecture",
    "pk": "001",
    "fields": {
      "lecture_term": "Fall 2023",
      "lecture_starttime": "0900",
      "lecture_endtime": "1050",
      "lecture_roomnumber": "B101",
      "course": "MATH",
      "instructor": "001"
    }
  },
  {
    "model": "api.Lecture",
    "pk": "002",
    "fields": {
      "lecture_term": "Fall 2023",
      "lecture_starttime": "1100",
      "lecture_endtime": "1250",
      "lecture_roomnumber": "C301",
      "course": "PHYS",
      "instructor": "002"
    }
  },
  {
    "model": "api.Lecture",
    "pk": "003",
    "fields": {
      "lecture_term": "Spring 2024",
      "lecture_starttime": "1300",
      "lecture_endtime": "1450",
      "lecture_roomnumber": "D205",
      "course": "CHEM",
      "instructor": "003"
    }
  },
  {
    "model": "api.Lecture",
    "pk": "004",
    "fields": {
      "lecture_term": "Spring 2024",
      "lecture_starttime": "1500",
      "lecture_endtime": "1650",
      "lecture_roomnumber": "E101",
      "course": "ENGL",
      "instructor": "004"
    }
  },
  {
    "model": "api.Lecture",
    "pk": "005",
    "fields": {
      "lecture_term": "Fall 2023",
      "lecture_starttime": "1700",
      "lecture_endtime": "1850",
      "lecture_roomnumber": "F303",
      "course": "COMP",
      "instructor": "005"
    }
  },

  
  {
    "model": "api.Grade",
    "fields": {
      "student": "001",
      "lecture": "001",
      "grade": 4.0
    }
  },
  {
    "model": "api.Grade",
    "fields": {
      "student": "002",
      "lecture": "002",
      "grade": 3.5
    }
  },
  {
    "model": "api.Grade",
    "fields": {
      "student": "003",
      "lecture": "003",
      "grade": 3.0
    }
  },
  {
    "model": "api.Grade",
    "fields": {
      "student": "004",
      "lecture": "004",
      "grade": 3.7
    }
  },
  {
    "model": "api.Grade",
    "fields": {
      "student": "005",
      "lecture": "005",
      "grade": 3.9
    }
  }   
]
