[
  {
    "model": "auth.User",
    "pk": 1,
    "fields": {
      "username": "john_doe",
      "first_name": "John",
      "last_name": "Doe",
      "email": "john.doe@example.com",
      "password": "admin"
    }
  },
  {
    "model": "auth.User",
    "pk": 2,
    "fields": {
      "username": "jane_smith",
      "first_name": "Jane",
      "last_name": "Smith",
      "email": "jane.smith@example.com",
      "password": "admin"
    }
  },
  {
    "model": "auth.User",
    "pk": 3,
    "fields": {
      "username": "alex_jones",
      "first_name": "Alex",
      "last_name": "Jones",
      "email": "alex.jones@example.com",
      "password": "admin"
    }
  },
  {
    "model": "auth.User",
    "pk": 4,
    "fields": {
      "username": "emily_brown",
      "first_name": "Emily",
      "last_name": "Brown",
      "email": "emily.brown@example.com",
      "password": "admin"
    }
  },
  {
    "model": "auth.User",
    "pk": 5,
    "fields": {
      "username": "michael_adams",
      "first_name": "Michael",
      "last_name": "Adams",
      "email": "michael.adams@example.com",
      "password": "admin"
    }
  },
  {
    "model": "api.Faculty",
    "pk": "Schulich School of Engineering",
    "fields": {}
  },
  {
    "model": "api.Faculty",
    "pk": "Faculty of Science",
    "fields": {}
  },
  {
    "model": "api.Faculty",
    "pk": "Faculty of Arts",
    "fields": {}
  },
  {
    "model": "api.Faculty",
    "pk": "Haskayne School of Business",
    "fields": {}
  },
  {
    "model": "api.Faculty",
    "pk": "Werklund School of Education",
    "fields": {}
  },
  {
    "model": "api.Faculty",
    "pk": "Faculty of Law",
    "fields": {}
  },
  {
    "model": "api.Faculty",
    "pk": "Faculty of Veterinary Medicine",
    "fields": {}
  },
  {
    "model": "api.Faculty",
    "pk": "Faculty of Nursing",
    "fields": {}
  },
  {
    "model": "api.Faculty",
    "pk": "Faculty of Kinesiology",
    "fields": {}
  },
  {
    "model": "api.Faculty",
    "pk": "School of Public Policy",
    "fields": {}
  },
  {
    "model": "api.Faculty",
    "pk": "Faculty of Social Work",
    "fields": {}
  },
  {
    "model": "api.Faculty",
    "pk": "Cumming School of Medicine",
    "fields": {}
  },
  {
    "model": "api.Faculty",
    "pk": "School of Architecture, Planning and Landscape",
    "fields": {}
  },
  {
    "model": "api.Faculty",
    "pk": "Faculty of Graduate Studies",
    "fields": {}
  },
  {
    "model": "api.Faculty",
    "pk": "Faculty of Nursing",
    "fields": {}
  },

  {
    "model": "api.Department",
    "pk": "Computer Science",
    "fields": {
      "faculty": "Faculty of Science"
    }
  },
  {
    "model": "api.Department",
    "pk": "Physics and Astronomy",
    "fields": {
      "faculty": "Faculty of Science"
    }
  },
  {
    "model": "api.Department",
    "pk": "English",
    "fields": {
      "faculty": "Faculty of Arts"
    }
  },
  
  {
    "model": "api.Department",
    "pk": "Educational Psychology",
    "fields": {
      "faculty": "Werklund School of Education"
    }
  },
  {
    "model": "api.Department",
    "pk": "Engineering",
    "fields": {
      "faculty": "Schulich School of Engineering"
    }
  },
  {
    "model": "api.Department",
    "pk": "Mathematics and Statistics",
    "fields": {
      "faculty": "Faculty of Science"
    }
  },
  {
    "model": "api.Department",
    "pk": "Chemical and Petroleum Engineering",
    "fields": {
      "faculty": "Faculty of Science"
    }
  },
  {
    "model": "api.Department",
    "pk": "General Science",
    "fields": {
      "faculty": "Faculty of Science"
    }
  },

  {
    "model": "api.Program",
    "pk": "ProgA",
    "fields": {
      "program_degree_level": "Bachelor",
      "program_major": "Major1",
      "program_minor": "Minor1",
      "program_honor": true,
      "major_department": "Engineering",
      "minor_department": "Computer Science"
    }
  },
  {
    "model": "api.Program",
    "pk": "ProgB",
    "fields": {
      "program_degree_level": "Bachelor",
      "program_major": "Major1",
      "program_minor": "Minor1",
      "program_honor": true,
      "major_department": "General Science",
      "minor_department": "Physics and Astronomy"
    }
  },
 
  {
    "model": "api.Program",
    "pk": "ProgD",
    "fields": {
      "program_degree_level": "PhD",
      "program_major": "Major4",
      "program_minor": "Minor4",
      "program_honor": false,
      "major_department": "Physics and Astronomy"
    }
  },
  {
    "model": "api.Program",
    "pk": "ProgE",
    "fields": {
      "program_degree_level": "Bachelor",
      "program_major": "Major5",
      "program_minor": "Minor5",
      "program_honor": false,
      "major_department": "Computer Science"
    }
  },

  {
    "model": "api.Term",
    "pk": "Fal2023",
    "fields": {
      "term_key": "Fal2023",
      "term_name": "Fall",
      "term_year": 2023,
      "start_date": "2023-09-01",
      "end_date": "2023-12-15"
    }
  },
  {
    "model": "api.Term",
    "pk": "Win2024",
    "fields": {
      "term_key": "Win2024",
      "term_name": "Winter",
      "term_year": 2024,
      "start_date": "2024-01-05",
      "end_date": "2024-04-20"
    }
  },
  {
    "model": "api.Term",
    "pk": "Spr2024",
    "fields": {
      "term_key": "Spr2024",
      "term_name": "Spring",
      "term_year": 2024,
      "start_date": "2024-05-01",
      "end_date": "2024-08-15"
    }
  },
  {
    "model": "api.Term",
    "pk": "Sum2024",
    "fields": {
      "term_key": "Sum2024",
      "term_name": "Summer",
      "term_year": 2024,
      "start_date": "2024-07-01",
      "end_date": "2024-08-31"
    }
  },

  {
    "model": "api.EmergencyContact",
    "pk": 1,
    "fields": {
      "emergency_contact_name": "John Smith",
      "emergency_contact_phone": "+123456789",
      "emergency_contact_relationship": "Parent"
    }
  },
  {
    "model": "api.EmergencyContact",
    "pk": 2,
    "fields": {
      "emergency_contact_name": "Alice Johnson",
      "emergency_contact_phone": "+987654321",
      "emergency_contact_relationship": "Sibling"
    }
  },
  {
    "model": "api.EmergencyContact",
    "pk": 3,
    "fields": {
      "emergency_contact_name": "Emma Brown",
      "emergency_contact_phone": "+111222333",
      "emergency_contact_relationship": "Spouse"
    }
  },
  {
    "model": "api.EmergencyContact",
    "pk": 4,
    "fields": {
      "emergency_contact_name": "Michael Wilson",
      "emergency_contact_phone": "+444555666",
      "emergency_contact_relationship": "Friend"
    }
  },
  {
    "model": "api.EmergencyContact",
    "pk": 5,
    "fields": {
      "emergency_contact_name": "Sophia Garcia",
      "emergency_contact_phone": "+777888999",
      "emergency_contact_relationship": "Relative"
    }
  },

  {
    "model": "api.Address",
    "pk": 1,
    "fields": {
      "address_street_address": "123 Main St",
      "address_postal_code": "A1B 2C3",
      "address_city": "Springfield",
      "address_province": "Ontario",
      "address_country": "Canada"
    }
  },
  {
    "model": "api.Address",
    "pk": 2,
    "fields": {
      "address_street_address": "456 Elm St",
      "address_postal_code": "X1Y 3Z9",
      "address_city": "Maplewood",
      "address_province": "Alberta",
      "address_country": "Canada"
    }
  },
  {
    "model": "api.Address",
    "pk": 3,
    "fields": {
      "address_street_address": "789 Oak St",
      "address_postal_code": "L4M 5N6",
      "address_city": "Greenville",
      "address_province": "British Columbia",
      "address_country": "Canada"
    }
  },
  {
    "model": "api.Address",
    "pk": 4,
    "fields": {
      "address_street_address": "101 Pine St",
      "address_postal_code": "K7L 8M9",
      "address_city": "Riverside",
      "address_province": "Manitoba",
      "address_country": "Canada"
    }
  },
  {
    "model": "api.Address",
    "pk": 5,
    "fields": {
      "address_street_address": "321 Cedar St",
      "address_postal_code": "T2W 4R8",
      "address_city": "Hilltown",
      "address_province": "Saskatchewan",
      "address_country": "Canada"
    }
  },

  {
    "model": "api.Student",
    "pk": 1,
    "fields": {
      "user": 1,

      "student_first_name": "John",
      "student_last_name": "Doe",
      "date_of_birth": "1997-07-18",
      "citizenship_status": "CitizenshipStatus1",

      "address": 1,

      "home_phone_number": "+10469256700",
      "mobile_phone_number": "+17430957076",
      "preferred_phone": "mobile",
      "personal_email": "john.doe@example.com",
      "school_email": "student1@school.com",
      "preferred_email": "school",

      "program": "ProgD",

      "emergency_contact1":1,
      "emergency_contact2":2,
      "emergency_contact3":3
    }
  },

  {
    "model": "api.Student",
    "pk": 2,
    "fields": {
      "user": 2,
      
      "student_first_name": "Jane",
      "student_last_name": "Smith",
      "date_of_birth": "1995-07-13",
      "citizenship_status": "CitizenshipStatus2",

      "address": 2,
      
      "home_phone_number": "+19214062755",
      "mobile_phone_number": "+12282429445",
      "other_phone_number": "+11234567890",
      "preferred_phone": "other",
      "personal_email": "jane.smith@example.com",
      "school_email": "student2@school.com",
      "preferred_email": "personal",
      
      "program": "ProgA",

      "emergency_contact1":2,
      "emergency_contact2":3,
      "emergency_contact3":4
    }
  },
  {
    "model": "api.Student",
    "pk": 3,
    "fields": {
      "user": 3,

      "student_first_name": "Alex",
      "student_last_name": "Jones",
      "date_of_birth": "1995-03-05",
      "citizenship_status": "CitizenshipStatus3",

      "address": 3,
     
      "mobile_phone_number": "+10705486898",
      "preferred_phone": "mobile",
      "personal_email": "alex.jones@example.com",
      "school_email": "student3@school.com",
      "preferred_email": "school",
      
      "program": "ProgA",

      "emergency_contact1":3,
      "emergency_contact2":4,
      "emergency_contact3":5
    }
  },
  {
    "model": "api.Student",
    "pk": 4,
    "fields": {
      "user": 4,

      "student_first_name": "Emily",
      "student_last_name": "Brown",
      "date_of_birth": "2001-11-29",
      "citizenship_status": "CitizenshipStatus4",

      "address": 4,
      
      "home_phone_number": "+11234567890",
      "mobile_phone_number": "+10987654321",
      "preferred_phone": "mobile",
      "personal_email": "emily.brown@example.com",
      "school_email": "student4@school.com",
      "preferred_email": "personal",
      
      "program": "ProgD",

      "emergency_contact1":4,
      "emergency_contact2":5,
      "emergency_contact3":1
    }
  },
  {
    "model": "api.Student",
    "pk": 5,
    "fields": {
      "user": 5,

      "student_first_name": "Michael",
      "student_last_name": "Adams",
      "date_of_birth": "1998-02-17",
      "citizenship_status": "CitizenshipStatus5",

      "address": 5,
      
      "home_phone_number": "+12345678901",
      "mobile_phone_number": "+19876543210",
      "preferred_phone": "home",
      "personal_email": "michael.adams@example.com",
      "school_email": "student5@school.com",
      "preferred_email": "school",

      "program": "ProgE",

      "emergency_contact1":1,
      "emergency_contact2":2,
      "emergency_contact3":3
    }
  },


  {
    "model": "api.Course",
    "pk": "SENG401",
    "fields": {
      "course_title": "Software Architecture",
      "course_description": "An in-depth study of high-level software structures. Covers architectural styles, design patterns, and evaluation techniques.",
      "course_prerequisites": "SENG300, CPSC233",
      "course_units": 3,
      "department": "Computer Science"
    }
  },
  {
    "model": "api.Course",
    "pk": "PHYS303",
    "fields": {
      "course_title": "Quantum Mechanics",
      "course_description": "Introduction to the principles of quantum mechanics with applications to atomic, molecular, and solid-state physics.",
      "course_prerequisites": "PHYS211, MATH211",
      "course_units": 3,
      "department": "Physics and Astronomy"
    }
  },
  {
    "model": "api.Course",
    "pk": "ENGL201",
    "fields": {
      "course_title": "British Literature",
      "course_description": "Survey of British literature from the Anglo-Saxon period to the 18th century.",
      "course_units": 3,
      "department": "English"
    }
  },

  {
    "model": "api.Course",
    "pk": "SENG350",
    "fields": {
      "course_title": "Software Process and Product Management",
      "course_description": "Covers concepts, methods, and tools for managing software development processes and products.",
      "course_prerequisites": "SENG300",
      "course_units": 3,
      "department": "Computer Science"
    }
  },
  {
    "model": "api.Course",
    "pk": "PHYS207",
    "fields": {
      "course_title": "Electromagnetism",
      "course_description": "Fundamentals of electric and magnetic fields and their applications.",
      "course_prerequisites": "PHYS211",
      "course_units": 3,
      "department": "Physics and Astronomy"
    }
  },
  {
    "model": "api.Course",
    "pk": "ENGL305",
    "fields": {
      "course_title": "Modern American Literature",
      "course_description": "Exploration of American literature from the 20th and 21st centuries, focusing on key texts and movements.",
      "course_units": 3,
      "department": "English"
    }
  },

  {
    "model": "api.Instructor",
    "pk": "001",
    "fields": {
      "instructor_id": "001",
      "instructor_first_name": "Alice",
      "instructor_last_name": "Johnson",
      "department": "Computer Science"
    }
  },
  {
    "model": "api.Instructor",
    "pk": "002",
    "fields": {
      "instructor_id": "002",
      "instructor_first_name": "Bob",
      "instructor_last_name": "Smith",
      "department": "Physics and Astronomy"
    }
  },
  {
    "model": "api.Instructor",
    "pk": "003",
    "fields": {
      "instructor_id": "003",
      "instructor_first_name": "Catherine",
      "instructor_last_name": "Davis",
      "department": "English"
    }
  },
  



  {
    "model": "api.Lecture",
    "pk": "01",
    "fields": {
      "lecture_id": "L01",
      "term": "Fal2023",
      "lecture_days": "MonWed",
      "lecture_starttime": "0900",
      "lecture_endtime": "1030",
      "lecture_roomnumber": "B100",
      "course": "SENG401",
      "instructor": "001"
    }
  },
  {
    "model": "api.Lecture",
    "pk": "02",
    "fields": {
      "lecture_id": "L01",
      "term": "Win2024",
      "lecture_days": "TueThu",
      "lecture_starttime": "1100",
      "lecture_endtime": "1230",
      "lecture_roomnumber": "C200",
      "course": "PHYS303",
      "instructor": "002"
    }
  },
  {
    "model": "api.Lecture",
    "pk": "03",
    "fields": {
      "lecture_id": "L01",
      "term": "Fal2023",
      "lecture_days": "Fri",
      "lecture_starttime": "1400",
      "lecture_endtime": "1530",
      "lecture_roomnumber": "D300",
      "course": "ENGL201",
      "instructor": "003"
    }
  },
  
  {
    "model": "api.Enrollment",
    "fields": {
      "student": 1,
      "lecture": "1"
    }
  },
  {
    "model": "api.Enrollment",
    "fields": {
      "student": 2,
      "lecture": "2"
    }
  },
  {
    "model": "api.Enrollment",
    "fields": {
      "student": 3,
      "lecture": "3"
    }
  },



  {
    "model": "api.Grade",
    "fields": {
      "grade": 92.5,
      "enrollment": 1
    }
  },
  {
    "model": "api.Grade",
    "fields": {
      "grade": 85.0,
      "enrollment": 2
    }
  },
  {
    "model": "api.Grade",
    "fields": {
      "grade": 78.0,
      "enrollment": 3
    }
  }
 
]